home,score,away,year
Manchester City ,1–1, Napoli,2011-2012
Villarreal ,0–2, Bayern Munich,2011-2012
Bayern Munich ,2–0, Manchester City,2011-2012
Napoli ,2–0, Villarreal,2011-2012
Napoli ,1–1, Bayern Munich,2011-2012
Manchester City ,2–1, Villarreal,2011-2012
Bayern Munich ,3–2, Napoli,2011-2012
Villarreal ,0–3, Manchester City,2011-2012
Napoli ,2–1, Manchester City,2011-2012
Bayern Munich ,3–1, Villarreal,2011-2012
Manchester City ,2–0, Bayern Munich,2011-2012
Villarreal ,0–2, Napoli,2011-2012
Lille ,2–2, CSKA Moscow,2011-2012
Internazionale ,0–1, Trabzonspor,2011-2012
CSKA Moscow ,2–3, Internazionale,2011-2012
Trabzonspor ,1–1, Lille,2011-2012
CSKA Moscow ,3–0, Trabzonspor,2011-2012
Lille ,0–1, Internazionale,2011-2012
Trabzonspor ,0–0, CSKA Moscow,2011-2012
Internazionale ,2–1, Lille,2011-2012
CSKA Moscow ,0–2, Lille,2011-2012
Trabzonspor ,1–1, Internazionale,2011-2012
Lille ,0–0, Trabzonspor,2011-2012
Internazionale ,1–2, CSKA Moscow,2011-2012
Basel ,2–1, Oțelul Galați,2011-2012
Benfica ,1–1, Manchester United,2011-2012
Manchester United ,3–3, Basel,2011-2012
Oțelul Galați ,0–1, Benfica,2011-2012
Oțelul Galați ,0–2, Manchester United,2011-2012
Basel ,0–2, Benfica,2011-2012
Manchester United ,2–0, Oțelul Galați,2011-2012
Benfica ,1–1, Basel,2011-2012
Oțelul Galați ,2–3, Basel,2011-2012
Manchester United ,2–2, Benfica,2011-2012
Basel ,2–1, Manchester United,2011-2012
Benfica ,1–0, Oțelul Galați,2011-2012
Dinamo Zagreb ,0–1, Real Madrid,2011-2012
Ajax ,0–0, Lyon,2011-2012
Lyon ,2–0, Dinamo Zagreb,2011-2012
Real Madrid ,3–0, Ajax,2011-2012
Real Madrid ,4–0, Lyon,2011-2012
Dinamo Zagreb ,0–2, Ajax,2011-2012
Lyon ,0–2, Real Madrid,2011-2012
Ajax ,4–0, Dinamo Zagreb,2011-2012
Real Madrid ,6–2, Dinamo Zagreb,2011-2012
Lyon ,0–0, Ajax,2011-2012
Dinamo Zagreb ,1–7, Lyon,2011-2012
Ajax ,0–3, Real Madrid,2011-2012
Chelsea ,2–0, Bayer Leverkusen,2011-2012
Genk ,0–0, Valencia,2011-2012
Valencia ,1–1, Chelsea,2011-2012
Bayer Leverkusen ,2–0, Genk,2011-2012
Bayer Leverkusen ,2–1, Valencia,2011-2012
Chelsea ,5–0, Genk,2011-2012
Valencia ,3–1, Bayer Leverkusen,2011-2012
Genk ,1–1, Chelsea,2011-2012
Bayer Leverkusen ,2–1, Chelsea,2011-2012
Valencia ,7–0, Genk,2011-2012
Chelsea ,3–0, Valencia,2011-2012
Genk ,1–1, Bayer Leverkusen,2011-2012
Olympiacos ,0–1, Marseille,2011-2012
Borussia Dortmund ,1–1, Arsenal,2011-2012
Arsenal ,2–1, Olympiacos,2011-2012
Marseille ,3–0, Borussia Dortmund,2011-2012
Marseille ,0–1, Arsenal,2011-2012
Olympiacos ,3–1, Borussia Dortmund,2011-2012
Arsenal ,0–0, Marseille,2011-2012
Borussia Dortmund ,1–0, Olympiacos,2011-2012
Marseille ,0–1, Olympiacos,2011-2012
Arsenal ,2–1, Borussia Dortmund,2011-2012
Olympiacos ,3–1, Arsenal,2011-2012
Borussia Dortmund ,2–3, Marseille,2011-2012
Porto ,2–1, Shakhtar Donetsk,2011-2012
APOEL ,2–1, Zenit Saint Petersburg,2011-2012
Zenit Saint Petersburg ,3–1, Porto,2011-2012
Shakhtar Donetsk ,1–1, APOEL,2011-2012
Shakhtar Donetsk ,2–2, Zenit Saint Petersburg,2011-2012
Porto ,1–1, APOEL,2011-2012
Zenit Saint Petersburg ,1–0, Shakhtar Donetsk,2011-2012
APOEL ,2–1, Porto,2011-2012
Zenit Saint Petersburg ,0–0, APOEL,2011-2012
Shakhtar Donetsk ,0–2, Porto,2011-2012
Porto ,0–0, Zenit Saint Petersburg,2011-2012
APOEL ,0–2, Shakhtar Donetsk,2011-2012
Barcelona ,2–2, Milan,2011-2012
Viktoria Plzeň ,1–1, BATE Borisov,2011-2012
BATE Borisov ,0–5, Barcelona,2011-2012
Milan ,2–0, Viktoria Plzeň,2011-2012
Milan ,2–0, BATE Borisov,2011-2012
Barcelona ,2–0, Viktoria Plzeň,2011-2012
BATE Borisov ,1–1, Milan,2011-2012
Viktoria Plzeň ,0–4, Barcelona,2011-2012
BATE Borisov ,0–1, Viktoria Plzeň,2011-2012
Milan ,2–3, Barcelona,2011-2012
Barcelona ,4–0, BATE Borisov,2011-2012
Viktoria Plzeň ,2–2, Milan,2011-2012
Dinamo Zagreb ,0–2, Porto,2012-2013
Paris Saint-Germain ,4–1, Dynamo Kyiv,2012-2013
Dynamo Kyiv ,2–0, Dinamo Zagreb,2012-2013
Porto ,1–0, Paris Saint-Germain,2012-2013
Porto ,3–2, Dynamo Kyiv,2012-2013
Dinamo Zagreb ,0–2, Paris Saint-Germain,2012-2013
Dynamo Kyiv ,0–0, Porto,2012-2013
Paris Saint-Germain ,4–0, Dinamo Zagreb,2012-2013
Porto ,3–0, Dinamo Zagreb,2012-2013
Dynamo Kyiv ,0–2, Paris Saint-Germain,2012-2013
Dinamo Zagreb ,1–1, Dynamo Kyiv,2012-2013
Paris Saint-Germain ,2–1, Porto,2012-2013
Montpellier ,1–2, Arsenal,2012-2013
Olympiacos ,1–2, Schalke 04,2012-2013
Schalke 04 ,2–2, Montpellier,2012-2013
Arsenal ,3–1, Olympiacos,2012-2013
Arsenal ,0–2, Schalke 04,2012-2013
Montpellier ,1–2, Olympiacos,2012-2013
Schalke 04 ,2–2, Arsenal,2012-2013
Olympiacos ,3–1, Montpellier,2012-2013
Arsenal ,2–0, Montpellier,2012-2013
Schalke 04 ,1–0, Olympiacos,2012-2013
Montpellier ,1–1, Schalke 04,2012-2013
Olympiacos ,2–1, Arsenal,2012-2013
Málaga ,3–0, Zenit Saint Petersburg,2012-2013
Milan ,0–0, Anderlecht,2012-2013
Zenit Saint Petersburg ,2–3, Milan,2012-2013
Anderlecht ,0–3, Málaga,2012-2013
Zenit Saint Petersburg ,1–0, Anderlecht,2012-2013
Málaga ,1–0, Milan,2012-2013
Anderlecht ,1–0, Zenit Saint Petersburg,2012-2013
Milan ,1–1, Málaga,2012-2013
Zenit Saint Petersburg ,2–2, Málaga,2012-2013
Anderlecht ,1–3, Milan,2012-2013
Málaga ,2–2, Anderlecht,2012-2013
Milan ,0–1, Zenit Saint Petersburg,2012-2013
Borussia Dortmund ,1–0, Ajax,2012-2013
Real Madrid ,3–2, Manchester City,2012-2013
Manchester City ,1–1, Borussia Dortmund,2012-2013
Ajax ,1–4, Real Madrid,2012-2013
Ajax ,3–1, Manchester City,2012-2013
Borussia Dortmund ,2–1, Real Madrid,2012-2013
Manchester City ,2–2, Ajax,2012-2013
Real Madrid ,2–2, Borussia Dortmund,2012-2013
Ajax ,1–4, Borussia Dortmund,2012-2013
Manchester City ,1–1, Real Madrid,2012-2013
Borussia Dortmund ,1–0, Manchester City,2012-2013
Real Madrid ,4–1, Ajax,2012-2013
Shakhtar Donetsk ,2–0, FC Nordsjælland,2012-2013
Chelsea ,2–2, Juventus,2012-2013
Juventus ,1–1, Shakhtar Donetsk,2012-2013
FC Nordsjælland ,0–4, Chelsea,2012-2013
FC Nordsjælland ,1–1, Juventus,2012-2013
Shakhtar Donetsk ,2–1, Chelsea,2012-2013
Juventus ,4–0, FC Nordsjælland,2012-2013
Chelsea ,3–2, Shakhtar Donetsk,2012-2013
FC Nordsjælland ,2–5, Shakhtar Donetsk,2012-2013
Juventus ,3–0, Chelsea,2012-2013
Shakhtar Donetsk ,0–1, Juventus,2012-2013
Chelsea ,6–1, FC Nordsjælland,2012-2013
Lille ,1–3, BATE Borisov,2012-2013
Bayern Munich ,2–1, Valencia,2012-2013
Valencia ,2–0, Lille,2012-2013
BATE Borisov ,3–1, Bayern Munich,2012-2013
BATE Borisov ,0–3, Valencia,2012-2013
Lille ,0–1, Bayern Munich,2012-2013
Valencia ,4–2, BATE Borisov,2012-2013
Bayern Munich ,6–1, Lille,2012-2013
BATE Borisov ,0–2, Lille,2012-2013
Valencia ,1–1, Bayern Munich,2012-2013
Lille ,0–1, Valencia,2012-2013
Bayern Munich ,4–1, BATE Borisov,2012-2013
Barcelona ,3–2, Spartak Moscow,2012-2013
Celtic ,0–0, Benfica,2012-2013
Spartak Moscow ,2–3, Celtic,2012-2013
Benfica ,0–2, Barcelona,2012-2013
Spartak Moscow ,2–1, Benfica,2012-2013
Barcelona ,2–1, Celtic,2012-2013
Benfica ,2–0, Spartak Moscow,2012-2013
Celtic ,2–1, Barcelona,2012-2013
Spartak Moscow ,0–3, Barcelona,2012-2013
Benfica ,2–1, Celtic,2012-2013
Barcelona ,0–0, Benfica,2012-2013
Celtic ,2–1, Spartak Moscow,2012-2013
Manchester United ,1–0, Galatasaray,2012-2013
Braga ,0–2, CFR Cluj,2012-2013
CFR Cluj ,1–2, Manchester United,2012-2013
Galatasaray ,0–2, Braga,2012-2013
Galatasaray ,1–1, CFR Cluj,2012-2013
Manchester United ,3–2, Braga,2012-2013
CFR Cluj ,1–3, Galatasaray,2012-2013
Braga ,1–3, Manchester United,2012-2013
Galatasaray ,1–0, Manchester United,2012-2013
CFR Cluj ,3–1, Braga,2012-2013
Manchester United ,0–1, CFR Cluj,2012-2013
Braga ,1–2, Galatasaray,2012-2013
Manchester United ,4–2, Bayer Leverkusen,2013-2014
Real Sociedad ,0–2, Shakhtar Donetsk,2013-2014
Shakhtar Donetsk ,1–1, Manchester United,2013-2014
Bayer Leverkusen ,2–1, Real Sociedad,2013-2014
Bayer Leverkusen ,4–0, Shakhtar Donetsk,2013-2014
Manchester United ,1–0, Real Sociedad,2013-2014
Shakhtar Donetsk ,0–0, Bayer Leverkusen,2013-2014
Real Sociedad ,0–0, Manchester United,2013-2014
Bayer Leverkusen ,0–5, Manchester United,2013-2014
Shakhtar Donetsk ,4–0, Real Sociedad,2013-2014
Manchester United ,1–0, Shakhtar Donetsk,2013-2014
Real Sociedad ,0–1, Bayer Leverkusen,2013-2014
Galatasaray ,1–6, Real Madrid,2013-2014
Copenhagen ,1–1, Juventus,2013-2014
Juventus ,2–2, Galatasaray,2013-2014
Real Madrid ,4–0, Copenhagen,2013-2014
Real Madrid ,2–1, Juventus,2013-2014
Galatasaray ,3–1, Copenhagen,2013-2014
Juventus ,2–2, Real Madrid,2013-2014
Copenhagen ,1–0, Galatasaray,2013-2014
Real Madrid ,4–1, Galatasaray,2013-2014
Juventus ,3–1, Copenhagen,2013-2014
Galatasaray ,1–0, Juventus,2013-2014
Copenhagen ,0–2, Real Madrid,2013-2014
Benfica ,2–0, Anderlecht,2013-2014
Olympiacos ,1–4, Paris Saint-Germain,2013-2014
Paris Saint-Germain ,3–0, Benfica,2013-2014
Anderlecht ,0–3, Olympiacos,2013-2014
Anderlecht ,0–5, Paris Saint-Germain,2013-2014
Benfica ,1–1, Olympiacos,2013-2014
Paris Saint-Germain ,1–1, Anderlecht,2013-2014
Olympiacos ,1–0, Benfica,2013-2014
Anderlecht ,2–3, Benfica,2013-2014
Paris Saint-Germain ,2–1, Olympiacos,2013-2014
Benfica ,2–1, Paris Saint-Germain,2013-2014
Olympiacos ,3–1, Anderlecht,2013-2014
Bayern Munich ,3–0, CSKA Moscow,2013-2014
Viktoria Plzeň ,0–3, Manchester City,2013-2014
CSKA Moscow ,3–2, Viktoria Plzeň,2013-2014
Manchester City ,1–3, Bayern Munich,2013-2014
CSKA Moscow ,1–2, Manchester City,2013-2014
Bayern Munich ,5–0, Viktoria Plzeň,2013-2014
Manchester City ,5–2, CSKA Moscow,2013-2014
Viktoria Plzeň ,0–1, Bayern Munich,2013-2014
CSKA Moscow ,1–3, Bayern Munich,2013-2014
Manchester City ,4–2, Viktoria Plzeň,2013-2014
Bayern Munich ,2–3, Manchester City,2013-2014
Viktoria Plzeň ,2–1, CSKA Moscow,2013-2014
Schalke 04 ,3–0, Steaua București,2013-2014
Chelsea ,1–2, Basel,2013-2014
Basel ,0–1, Schalke 04,2013-2014
Steaua București ,0–4, Chelsea,2013-2014
Steaua București ,1–1, Basel,2013-2014
Schalke 04 ,0–3, Chelsea,2013-2014
Basel ,1–1, Steaua București,2013-2014
Chelsea ,3–0, Schalke 04,2013-2014
Steaua București ,0–0, Schalke 04,2013-2014
Basel ,1–0, Chelsea,2013-2014
Schalke 04 ,2–0, Basel,2013-2014
Chelsea ,1–0, Steaua București,2013-2014
Marseille ,1–2, Arsenal,2013-2014
Napoli ,2–1, Borussia Dortmund,2013-2014
Borussia Dortmund ,3–0, Marseille,2013-2014
Arsenal ,2–0, Napoli,2013-2014
Arsenal ,1–2, Borussia Dortmund,2013-2014
Marseille ,1–2, Napoli,2013-2014
Borussia Dortmund ,0–1, Arsenal,2013-2014
Napoli ,3–2, Marseille,2013-2014
Arsenal ,2–0, Marseille,2013-2014
Borussia Dortmund ,3–1, Napoli,2013-2014
Marseille ,1–2, Borussia Dortmund,2013-2014
Napoli ,2–0, Arsenal,2013-2014
Austria Wien ,0–1, Porto,2013-2014
Atlético Madrid ,3–1, Zenit Saint Petersburg,2013-2014
Zenit Saint Petersburg ,0–0, Austria Wien,2013-2014
Porto ,1–2, Atlético Madrid,2013-2014
Porto ,0–1, Zenit Saint Petersburg,2013-2014
Austria Wien ,0–3, Atlético Madrid,2013-2014
Zenit Saint Petersburg ,1–1, Porto,2013-2014
Atlético Madrid ,4–0, Austria Wien,2013-2014
Zenit Saint Petersburg ,1–1, Atlético Madrid,2013-2014
Porto ,1–1, Austria Wien,2013-2014
Austria Wien ,4–1, Zenit Saint Petersburg,2013-2014
Atlético Madrid ,2–0, Porto,2013-2014
Milan ,2–0, Celtic,2013-2014
Barcelona ,4–0, Ajax,2013-2014
Ajax ,1–1, Milan,2013-2014
Celtic ,0–1, Barcelona,2013-2014
Celtic ,2–1, Ajax,2013-2014
Milan ,1–1, Barcelona,2013-2014
Ajax ,1–0, Celtic,2013-2014
Barcelona ,3–1, Milan,2013-2014
Celtic ,0–3, Milan,2013-2014
Ajax ,2–1, Barcelona,2013-2014
Milan ,0–0, Ajax,2013-2014
Barcelona ,6–1, Celtic,2013-2014
Olympiacos ,3–2, Atlético Madrid,2014-2015
Juventus ,2–0, Malmö FF,2014-2015
Malmö FF ,2–0, Olympiacos,2014-2015
Atlético Madrid ,1–0, Juventus,2014-2015
Atlético Madrid ,5–0, Malmö FF,2014-2015
Olympiacos ,1–0, Juventus,2014-2015
Malmö FF ,0–2, Atlético Madrid,2014-2015
Juventus ,3–2, Olympiacos,2014-2015
Atlético Madrid ,4–0, Olympiacos,2014-2015
Malmö FF ,0–2, Juventus,2014-2015
Olympiacos ,4–2, Malmö FF,2014-2015
Juventus ,0–0, Atlético Madrid,2014-2015
Liverpool ,2–1, Ludogorets Razgrad,2014-2015
Real Madrid ,5–1, Basel,2014-2015
Basel ,1–0, Liverpool,2014-2015
Ludogorets Razgrad ,1–2, Real Madrid,2014-2015
Ludogorets Razgrad ,1–0, Basel,2014-2015
Liverpool ,0–3, Real Madrid,2014-2015
Basel ,4–0, Ludogorets Razgrad,2014-2015
Real Madrid ,1–0, Liverpool,2014-2015
Ludogorets Razgrad ,2–2, Liverpool,2014-2015
Basel ,0–1, Real Madrid,2014-2015
Liverpool ,1–1, Basel,2014-2015
Real Madrid ,4–0, Ludogorets Razgrad,2014-2015
Monaco ,1–0, Bayer Leverkusen,2014-2015
Benfica ,0–2, Zenit Saint Petersburg,2014-2015
Zenit Saint Petersburg ,0–0, Monaco,2014-2015
Bayer Leverkusen ,3–1, Benfica,2014-2015
Bayer Leverkusen ,2–0, Zenit Saint Petersburg,2014-2015
Monaco ,0–0, Benfica,2014-2015
Zenit Saint Petersburg ,1–2, Bayer Leverkusen,2014-2015
Benfica ,1–0, Monaco,2014-2015
Zenit Saint Petersburg ,1–0, Benfica,2014-2015
Bayer Leverkusen ,0–1, Monaco,2014-2015
Monaco ,2–0, Zenit Saint Petersburg,2014-2015
Benfica ,0–0, Bayer Leverkusen,2014-2015
Galatasaray ,1–1, Anderlecht,2014-2015
Borussia Dortmund ,2–0, Arsenal,2014-2015
Arsenal ,4–1, Galatasaray,2014-2015
Anderlecht ,0–3, Borussia Dortmund,2014-2015
Anderlecht ,1–2, Arsenal,2014-2015
Galatasaray ,0–4, Borussia Dortmund,2014-2015
Arsenal ,3–3, Anderlecht,2014-2015
Borussia Dortmund ,4–1, Galatasaray,2014-2015
Anderlecht ,2–0, Galatasaray,2014-2015
Arsenal ,2–0, Borussia Dortmund,2014-2015
Galatasaray ,1–4, Arsenal,2014-2015
Borussia Dortmund ,1–1, Anderlecht,2014-2015
Roma ,5–1, CSKA Moscow,2014-2015
Bayern Munich ,1–0, Manchester City,2014-2015
CSKA Moscow ,0–1, Bayern Munich,2014-2015
Manchester City ,1–1, Roma,2014-2015
CSKA Moscow ,2–2, Manchester City,2014-2015
Roma ,1–7, Bayern Munich,2014-2015
Manchester City ,1–2, CSKA Moscow,2014-2015
Bayern Munich ,2–0, Roma,2014-2015
CSKA Moscow ,1–1, Roma,2014-2015
Manchester City ,3–2, Bayern Munich,2014-2015
Roma ,0–2, Manchester City,2014-2015
Bayern Munich ,3–0, CSKA Moscow,2014-2015
Barcelona ,1–0, APOEL,2014-2015
Ajax ,1–1, Paris Saint-Germain,2014-2015
Paris Saint-Germain ,3–2, Barcelona,2014-2015
APOEL ,1–1, Ajax,2014-2015
APOEL ,0–1, Paris Saint-Germain,2014-2015
Barcelona ,3–1, Ajax,2014-2015
Paris Saint-Germain ,1–0, APOEL,2014-2015
Ajax ,0–2, Barcelona,2014-2015
APOEL ,0–4, Barcelona,2014-2015
Paris Saint-Germain ,3–1, Ajax,2014-2015
Barcelona ,3–1, Paris Saint-Germain,2014-2015
Ajax ,4–0, APOEL,2014-2015
Chelsea ,1–1, Schalke 04,2014-2015
Maribor ,1–1, Sporting CP,2014-2015
Sporting CP ,0–1, Chelsea,2014-2015
Schalke 04 ,1–1, Maribor,2014-2015
Schalke 04 ,4–3, Sporting CP,2014-2015
Chelsea ,6–0, Maribor,2014-2015
Sporting CP ,4–2, Schalke 04,2014-2015
Maribor ,1–1, Chelsea,2014-2015
Schalke 04 ,0–5, Chelsea,2014-2015
Sporting CP ,3–1, Maribor,2014-2015
Chelsea ,3–1, Sporting CP,2014-2015
Maribor ,0–1, Schalke 04,2014-2015
Porto ,6–0, BATE Borisov,2014-2015
Athletic Bilbao ,0–0, Shakhtar Donetsk,2014-2015
Shakhtar Donetsk ,2–2, Porto,2014-2015
BATE Borisov ,2–1, Athletic Bilbao,2014-2015
BATE Borisov ,0–7, Shakhtar Donetsk,2014-2015
Porto ,2–1, Athletic Bilbao,2014-2015
Shakhtar Donetsk ,5–0, BATE Borisov,2014-2015
Athletic Bilbao ,0–2, Porto,2014-2015
BATE Borisov ,0–3, Porto,2014-2015
Shakhtar Donetsk ,0–1, Athletic Bilbao,2014-2015
Porto ,1–1, Shakhtar Donetsk,2014-2015
Athletic Bilbao ,2–0, BATE Borisov,2014-2015
Paris Saint-Germain ,2–0, Malmö FF,2015-2016
Real Madrid ,4–0, Shakhtar Donetsk,2015-2016
Shakhtar Donetsk ,0–3, Paris Saint-Germain,2015-2016
Malmö FF ,0–2, Real Madrid,2015-2016
Malmö FF ,1–0, Shakhtar Donetsk,2015-2016
Paris Saint-Germain ,0–0, Real Madrid,2015-2016
Shakhtar Donetsk ,4–0, Malmö FF,2015-2016
Real Madrid ,1–0, Paris Saint-Germain,2015-2016
Malmö FF ,0–5, Paris Saint-Germain,2015-2016
Shakhtar Donetsk ,3–4, Real Madrid,2015-2016
Paris Saint-Germain ,2–0, Shakhtar Donetsk,2015-2016
Real Madrid ,8–0, Malmö FF,2015-2016
VfL Wolfsburg ,1–0, CSKA Moscow,2015-2016
PSV Eindhoven ,2–1, Manchester United,2015-2016
Manchester United ,2–1, VfL Wolfsburg,2015-2016
CSKA Moscow ,3–2, PSV Eindhoven,2015-2016
CSKA Moscow ,1–1, Manchester United,2015-2016
VfL Wolfsburg ,2–0, PSV Eindhoven,2015-2016
Manchester United ,1–0, CSKA Moscow,2015-2016
PSV Eindhoven ,2–0, VfL Wolfsburg,2015-2016
CSKA Moscow ,0–2, VfL Wolfsburg,2015-2016
Manchester United ,0–0, PSV Eindhoven,2015-2016
VfL Wolfsburg ,3–2, Manchester United,2015-2016
PSV Eindhoven ,2–1, CSKA Moscow,2015-2016
Galatasaray ,0–2, Atlético Madrid,2015-2016
Benfica ,2–0, Astana,2015-2016
Astana ,2–2, Galatasaray,2015-2016
Atlético Madrid ,1–2, Benfica,2015-2016
Atlético Madrid ,4–0, Astana,2015-2016
Galatasaray ,2–1, Benfica,2015-2016
Astana ,0–0, Atlético Madrid,2015-2016
Benfica ,2–1, Galatasaray,2015-2016
Astana ,2–2, Benfica,2015-2016
Atlético Madrid ,2–0, Galatasaray,2015-2016
Galatasaray ,1–1, Astana,2015-2016
Benfica ,1–2, Atlético Madrid,2015-2016
Manchester City ,1–2, Juventus,2015-2016
Sevilla ,3–0, Borussia Mönchengladbach,2015-2016
Borussia Mönchengladbach ,1–2, Manchester City,2015-2016
Juventus ,2–0, Sevilla,2015-2016
Juventus ,0–0, Borussia Mönchengladbach,2015-2016
Manchester City ,2–1, Sevilla,2015-2016
Borussia Mönchengladbach ,1–1, Juventus,2015-2016
Sevilla ,1–3, Manchester City,2015-2016
Juventus ,1–0, Manchester City,2015-2016
Borussia Mönchengladbach ,4–2, Sevilla,2015-2016
Manchester City ,4–2, Borussia Mönchengladbach,2015-2016
Sevilla ,1–0, Juventus,2015-2016
Bayer Leverkusen ,4–1, BATE Borisov,2015-2016
Roma ,1–1, Barcelona,2015-2016
Barcelona ,2–1, Bayer Leverkusen,2015-2016
BATE Borisov ,3–2, Roma,2015-2016
BATE Borisov ,0–2, Barcelona,2015-2016
Bayer Leverkusen ,4–4, Roma,2015-2016
Barcelona ,3–0, BATE Borisov,2015-2016
Roma ,3–2, Bayer Leverkusen,2015-2016
BATE Borisov ,1–1, Bayer Leverkusen,2015-2016
Barcelona ,6–1, Roma,2015-2016
Bayer Leverkusen ,1–1, Barcelona,2015-2016
Roma ,0–0, BATE Borisov,2015-2016
Dinamo Zagreb ,2–1, Arsenal,2015-2016
Olympiacos ,0–3, Bayern Munich,2015-2016
Bayern Munich ,5–0, Dinamo Zagreb,2015-2016
Arsenal ,2–3, Olympiacos,2015-2016
Arsenal ,2–0, Bayern Munich,2015-2016
Dinamo Zagreb ,0–1, Olympiacos,2015-2016
Bayern Munich ,5–1, Arsenal,2015-2016
Olympiacos ,2–1, Dinamo Zagreb,2015-2016
Arsenal ,3–0, Dinamo Zagreb,2015-2016
Bayern Munich ,4–0, Olympiacos,2015-2016
Dinamo Zagreb ,0–2, Bayern Munich,2015-2016
Olympiacos ,0–3, Arsenal,2015-2016
Dynamo Kyiv ,2–2, Porto,2015-2016
Chelsea ,4–0, Maccabi Tel Aviv,2015-2016
Maccabi Tel Aviv ,0–2, Dynamo Kyiv,2015-2016
Porto ,2–1, Chelsea,2015-2016
Porto ,2–0, Maccabi Tel Aviv,2015-2016
Dynamo Kyiv ,0–0, Chelsea,2015-2016
Maccabi Tel Aviv ,1–3, Porto,2015-2016
Chelsea ,2–1, Dynamo Kyiv,2015-2016
Porto ,0–2, Dynamo Kyiv,2015-2016
Maccabi Tel Aviv ,0–4, Chelsea,2015-2016
Dynamo Kyiv ,1–0, Maccabi Tel Aviv,2015-2016
Chelsea ,2–0, Porto,2015-2016
Valencia ,2–3, Zenit Saint Petersburg,2015-2016
Gent ,1–1, Lyon,2015-2016
Lyon ,0–1, Valencia,2015-2016
Zenit Saint Petersburg ,2–1, Gent,2015-2016
Zenit Saint Petersburg ,3–1, Lyon,2015-2016
Valencia ,2–1, Gent,2015-2016
Lyon ,0–2, Zenit Saint Petersburg,2015-2016
Gent ,1–0, Valencia,2015-2016
Zenit Saint Petersburg ,2–0, Valencia,2015-2016
Lyon ,1–2, Gent,2015-2016
Valencia ,0–2, Lyon,2015-2016
Gent ,2–1, Zenit Saint Petersburg,2015-2016
Paris Saint-Germain ,1–1, Arsenal,2016-2017
Basel ,1–1, Ludogorets Razgrad,2016-2017
Ludogorets Razgrad ,1–3, Paris Saint-Germain,2016-2017
Arsenal ,2–0, Basel,2016-2017
Arsenal ,6–0, Ludogorets Razgrad,2016-2017
Paris Saint-Germain ,3–0, Basel,2016-2017
Ludogorets Razgrad ,2–3, Arsenal,2016-2017
Basel ,1–2, Paris Saint-Germain,2016-2017
Arsenal ,2–2, Paris Saint-Germain,2016-2017
Ludogorets Razgrad ,0–0, Basel,2016-2017
Paris Saint-Germain ,2–2, Ludogorets Razgrad,2016-2017
Basel ,1–4, Arsenal,2016-2017
Dynamo Kyiv ,1–2, Napoli,2016-2017
Benfica ,1–1, Beşiktaş,2016-2017
Beşiktaş ,1–1, Dynamo Kyiv,2016-2017
Napoli ,4–2, Benfica,2016-2017
Napoli ,2–3, Beşiktaş,2016-2017
Dynamo Kyiv ,0–2, Benfica,2016-2017
Beşiktaş ,1–1, Napoli,2016-2017
Benfica ,1–0, Dynamo Kyiv,2016-2017
Beşiktaş ,3–3, Benfica,2016-2017
Napoli ,0–0, Dynamo Kyiv,2016-2017
Dynamo Kyiv ,6–0, Beşiktaş,2016-2017
Benfica ,1–2, Napoli,2016-2017
Barcelona ,7–0, Celtic,2016-2017
Manchester City ,4–0, Borussia Mönchengladbach,2016-2017
Borussia Mönchengladbach ,1–2, Barcelona,2016-2017
Celtic ,3–3, Manchester City,2016-2017
Celtic ,0–2, Borussia Mönchengladbach,2016-2017
Barcelona ,4–0, Manchester City,2016-2017
Borussia Mönchengladbach ,1–1, Celtic,2016-2017
Manchester City ,3–1, Barcelona,2016-2017
Celtic ,0–2, Barcelona,2016-2017
Borussia Mönchengladbach ,1–1, Manchester City,2016-2017
Barcelona ,4–0, Borussia Mönchengladbach,2016-2017
Manchester City ,1–1, Celtic,2016-2017
Bayern Munich ,5–0, Rostov,2016-2017
PSV Eindhoven ,0–1, Atlético Madrid,2016-2017
Atlético Madrid ,1–0, Bayern Munich,2016-2017
Rostov ,2–2, PSV Eindhoven,2016-2017
Rostov ,0–1, Atlético Madrid,2016-2017
Bayern Munich ,4–1, PSV Eindhoven,2016-2017
Atlético Madrid ,2–1, Rostov,2016-2017
PSV Eindhoven ,1–2, Bayern Munich,2016-2017
Rostov ,3–2, Bayern Munich,2016-2017
Atlético Madrid ,2–0, PSV Eindhoven,2016-2017
Bayern Munich ,1–0, Atlético Madrid,2016-2017
PSV Eindhoven ,0–0, Rostov,2016-2017
Bayer Leverkusen ,2–2, CSKA Moscow,2016-2017
Tottenham Hotspur ,1–2, Monaco,2016-2017
Monaco ,1–1, Bayer Leverkusen,2016-2017
CSKA Moscow ,0–1, Tottenham Hotspur,2016-2017
CSKA Moscow ,1–1, Monaco,2016-2017
Bayer Leverkusen ,0–0, Tottenham Hotspur,2016-2017
Monaco ,3–0, CSKA Moscow,2016-2017
Tottenham Hotspur ,0–1, Bayer Leverkusen,2016-2017
CSKA Moscow ,1–1, Bayer Leverkusen,2016-2017
Monaco ,2–1, Tottenham Hotspur,2016-2017
Bayer Leverkusen ,3–0, Monaco,2016-2017
Tottenham Hotspur ,3–1, CSKA Moscow,2016-2017
Real Madrid ,2–1, Sporting CP,2016-2017
Legia Warsaw ,0–6, Borussia Dortmund,2016-2017
Borussia Dortmund ,2–2, Real Madrid,2016-2017
Sporting CP ,2–0, Legia Warsaw,2016-2017
Sporting CP ,1–2, Borussia Dortmund,2016-2017
Real Madrid ,5–1, Legia Warsaw,2016-2017
Borussia Dortmund ,1–0, Sporting CP,2016-2017
Legia Warsaw ,3–3, Real Madrid,2016-2017
Sporting CP ,1–2, Real Madrid,2016-2017
Borussia Dortmund ,8–4, Legia Warsaw,2016-2017
Real Madrid ,2–2, Borussia Dortmund,2016-2017
Legia Warsaw ,1–0, Sporting CP,2016-2017
Club Brugge ,0–3, Leicester City,2016-2017
Porto ,1–1, Copenhagen,2016-2017
Copenhagen ,4–0, Club Brugge,2016-2017
Leicester City ,1–0, Porto,2016-2017
Leicester City ,1–0, Copenhagen,2016-2017
Club Brugge ,1–2, Porto,2016-2017
Copenhagen ,0–0, Leicester City,2016-2017
Porto ,1–0, Club Brugge,2016-2017
Leicester City ,2–1, Club Brugge,2016-2017
Copenhagen ,0–0, Porto,2016-2017
Club Brugge ,0–2, Copenhagen,2016-2017
Porto ,5–0, Leicester City,2016-2017
Lyon ,3–0, Dinamo Zagreb,2016-2017
Juventus ,0–0, Sevilla,2016-2017
Sevilla ,1–0, Lyon,2016-2017
Dinamo Zagreb ,0–4, Juventus,2016-2017
Dinamo Zagreb ,0–1, Sevilla,2016-2017
Lyon ,0–1, Juventus,2016-2017
Sevilla ,4–0, Dinamo Zagreb,2016-2017
Juventus ,1–1, Lyon,2016-2017
Dinamo Zagreb ,0–1, Lyon,2016-2017
Sevilla ,1–3, Juventus,2016-2017
Lyon ,0–0, Sevilla,2016-2017
Juventus ,2–0, Dinamo Zagreb,2016-2017
Benfica ,1–2, CSKA Moscow,2017-2018
Manchester United ,3–0, Basel,2017-2018
Basel ,5–0, Benfica,2017-2018
CSKA Moscow ,1–4, Manchester United,2017-2018
CSKA Moscow ,0–2, Basel,2017-2018
Benfica ,0–1, Manchester United,2017-2018
Basel ,1–2, CSKA Moscow,2017-2018
Manchester United ,2–0, Benfica,2017-2018
CSKA Moscow ,2–0, Benfica,2017-2018
Basel ,1–0, Manchester United,2017-2018
Benfica ,0–2, Basel,2017-2018
Manchester United ,2–1, CSKA Moscow,2017-2018
Bayern Munich ,3–0, Anderlecht,2017-2018
Celtic ,0–5, Paris Saint-Germain,2017-2018
Paris Saint-Germain ,3–0, Bayern Munich,2017-2018
Anderlecht ,0–3, Celtic,2017-2018
Anderlecht ,0–4, Paris Saint-Germain,2017-2018
Bayern Munich ,3–0, Celtic,2017-2018
Paris Saint-Germain ,5–0, Anderlecht,2017-2018
Celtic ,1–2, Bayern Munich,2017-2018
Anderlecht ,1–2, Bayern Munich,2017-2018
Paris Saint-Germain ,7–1, Celtic,2017-2018
Bayern Munich ,3–1, Paris Saint-Germain,2017-2018
Celtic ,0–1, Anderlecht,2017-2018
Chelsea ,6–0, Qarabağ,2017-2018
Roma ,0–0, Atlético Madrid,2017-2018
Qarabağ ,1–2, Roma,2017-2018
Atlético Madrid ,1–2, Chelsea,2017-2018
Qarabağ ,0–0, Atlético Madrid,2017-2018
Chelsea ,3–3, Roma,2017-2018
Atlético Madrid ,1–1, Qarabağ,2017-2018
Roma ,3–0, Chelsea,2017-2018
Qarabağ ,0–4, Chelsea,2017-2018
Atlético Madrid ,2–0, Roma,2017-2018
Chelsea ,1–1, Atlético Madrid,2017-2018
Roma ,1–0, Qarabağ,2017-2018
Barcelona ,3–0, Juventus,2017-2018
Olympiacos ,2–3, Sporting CP,2017-2018
Sporting CP ,0–1, Barcelona,2017-2018
Juventus ,2–0, Olympiacos,2017-2018
Juventus ,2–1, Sporting CP,2017-2018
Barcelona ,3–1, Olympiacos,2017-2018
Sporting CP ,1–1, Juventus,2017-2018
Olympiacos ,0–0, Barcelona,2017-2018
Juventus ,0–0, Barcelona,2017-2018
Sporting CP ,3–1, Olympiacos,2017-2018
Barcelona ,2–0, Sporting CP,2017-2018
Olympiacos ,0–2, Juventus,2017-2018
Maribor ,1–1, Spartak Moscow,2017-2018
Liverpool ,2–2, Sevilla,2017-2018
Sevilla ,3–0, Maribor,2017-2018
Spartak Moscow ,1–1, Liverpool,2017-2018
Spartak Moscow ,5–1, Sevilla,2017-2018
Maribor ,0–7, Liverpool,2017-2018
Sevilla ,2–1, Spartak Moscow,2017-2018
Liverpool ,3–0, Maribor,2017-2018
Spartak Moscow ,1–1, Maribor,2017-2018
Sevilla ,3–3, Liverpool,2017-2018
Maribor ,1–1, Sevilla,2017-2018
Liverpool ,7–0, Spartak Moscow,2017-2018
Feyenoord ,0–4, Manchester City,2017-2018
Shakhtar Donetsk ,2–1, Napoli,2017-2018
Napoli ,3–1, Feyenoord,2017-2018
Manchester City ,2–0, Shakhtar Donetsk,2017-2018
Manchester City ,2–1, Napoli,2017-2018
Feyenoord ,1–2, Shakhtar Donetsk,2017-2018
Napoli ,2–4, Manchester City,2017-2018
Shakhtar Donetsk ,3–1, Feyenoord,2017-2018
Manchester City ,1–0, Feyenoord,2017-2018
Napoli ,3–0, Shakhtar Donetsk,2017-2018
Feyenoord ,2–1, Napoli,2017-2018
Shakhtar Donetsk ,2–1, Manchester City,2017-2018
RB Leipzig ,1–1, Monaco,2017-2018
Porto ,1–3, Beşiktaş,2017-2018
Beşiktaş ,2–0, RB Leipzig,2017-2018
Monaco ,0–3, Porto,2017-2018
Monaco ,1–2, Beşiktaş,2017-2018
RB Leipzig ,3–2, Porto,2017-2018
Beşiktaş ,1–1, Monaco,2017-2018
Porto ,3–1, RB Leipzig,2017-2018
Beşiktaş ,1–1, Porto,2017-2018
Monaco ,1–4, RB Leipzig,2017-2018
RB Leipzig ,1–2, Beşiktaş,2017-2018
Porto ,5–2, Monaco,2017-2018
Real Madrid ,3–0, APOEL,2017-2018
Tottenham Hotspur ,3–1, Borussia Dortmund,2017-2018
Borussia Dortmund ,1–3, Real Madrid,2017-2018
APOEL ,0–3, Tottenham Hotspur,2017-2018
APOEL ,1–1, Borussia Dortmund,2017-2018
Real Madrid ,1–1, Tottenham Hotspur,2017-2018
Borussia Dortmund ,1–1, APOEL,2017-2018
Tottenham Hotspur ,3–1, Real Madrid,2017-2018
APOEL ,0–6, Real Madrid,2017-2018
Borussia Dortmund ,1–2, Tottenham Hotspur,2017-2018
Real Madrid ,3–2, Borussia Dortmund,2017-2018
Tottenham Hotspur ,3–0, APOEL,2017-2018
Club Brugge ,0–1, Borussia Dortmund,2018-2019
Monaco ,1–2, Atlético Madrid,2018-2019
Atlético Madrid ,3–1, Club Brugge,2018-2019
Borussia Dortmund ,3–0, Monaco,2018-2019
Club Brugge ,1–1, Monaco,2018-2019
Borussia Dortmund ,4–0, Atlético Madrid,2018-2019
Monaco ,0–4, Club Brugge,2018-2019
Atlético Madrid ,2–0, Borussia Dortmund,2018-2019
Atlético Madrid ,2–0, Monaco,2018-2019
Borussia Dortmund ,0–0, Club Brugge,2018-2019
Club Brugge ,0–0, Atlético Madrid,2018-2019
Monaco ,0–2, Borussia Dortmund,2018-2019
Barcelona ,4–0, PSV Eindhoven,2018-2019
Inter Milan ,2–1, Tottenham Hotspur,2018-2019
Tottenham Hotspur ,2–4, Barcelona,2018-2019
PSV Eindhoven ,1–2, Inter Milan,2018-2019
PSV Eindhoven ,2–2, Tottenham Hotspur,2018-2019
Barcelona ,2–0, Inter Milan,2018-2019
Tottenham Hotspur ,2–1, PSV Eindhoven,2018-2019
Inter Milan ,1–1, Barcelona,2018-2019
PSV Eindhoven ,1–2, Barcelona,2018-2019
Tottenham Hotspur ,1–0, Inter Milan,2018-2019
Barcelona ,1–1, Tottenham Hotspur,2018-2019
Inter Milan ,1–1, PSV Eindhoven,2018-2019
Liverpool ,3–2, Paris Saint-Germain,2018-2019
Red Star Belgrade ,0–0, Napoli,2018-2019
Paris Saint-Germain ,6–1, Red Star Belgrade,2018-2019
Napoli ,1–0, Liverpool,2018-2019
Paris Saint-Germain ,2–2, Napoli,2018-2019
Liverpool ,4–0, Red Star Belgrade,2018-2019
Red Star Belgrade ,2–0, Liverpool,2018-2019
Napoli ,1–1, Paris Saint-Germain,2018-2019
Paris Saint-Germain ,2–1, Liverpool,2018-2019
Napoli ,3–1, Red Star Belgrade,2018-2019
Liverpool ,1–0, Napoli,2018-2019
Red Star Belgrade ,1–4, Paris Saint-Germain,2018-2019
Galatasaray ,3–0, Lokomotiv Moscow,2018-2019
Schalke 04 ,1–1, Porto,2018-2019
Lokomotiv Moscow ,0–1, Schalke 04,2018-2019
Porto ,1–0, Galatasaray,2018-2019
Lokomotiv Moscow ,1–3, Porto,2018-2019
Galatasaray ,0–0, Schalke 04,2018-2019
Porto ,4–1, Lokomotiv Moscow,2018-2019
Schalke 04 ,2–0, Galatasaray,2018-2019
Lokomotiv Moscow ,2–0, Galatasaray,2018-2019
Porto ,3–1, Schalke 04,2018-2019
Galatasaray ,2–3, Porto,2018-2019
Schalke 04 ,1–0, Lokomotiv Moscow,2018-2019
Ajax ,3–0, AEK Athens,2018-2019
Benfica ,0–2, Bayern Munich,2018-2019
Bayern Munich ,1–1, Ajax,2018-2019
AEK Athens ,2–3, Benfica,2018-2019
AEK Athens ,0–2, Bayern Munich,2018-2019
Ajax ,1–0, Benfica,2018-2019
Bayern Munich ,2–0, AEK Athens,2018-2019
Benfica ,1–1, Ajax,2018-2019
AEK Athens ,0–2, Ajax,2018-2019
Bayern Munich ,5–1, Benfica,2018-2019
Ajax ,3–3, Bayern Munich,2018-2019
Benfica ,1–0, AEK Athens,2018-2019
Shakhtar Donetsk ,2–2, 1899 Hoffenheim,2018-2019
Manchester City ,1–2, Lyon,2018-2019
1899 Hoffenheim ,1–2, Manchester City,2018-2019
Lyon ,2–2, Shakhtar Donetsk,2018-2019
1899 Hoffenheim ,3–3, Lyon,2018-2019
Shakhtar Donetsk ,0–3, Manchester City,2018-2019
Lyon ,2–2, 1899 Hoffenheim,2018-2019
Manchester City ,6–0, Shakhtar Donetsk,2018-2019
1899 Hoffenheim ,2–3, Shakhtar Donetsk,2018-2019
Lyon ,2–2, Manchester City,2018-2019
Shakhtar Donetsk ,1–1, Lyon,2018-2019
Manchester City ,2–1, 1899 Hoffenheim,2018-2019
Real Madrid ,3–0, Roma,2018-2019
Viktoria Plzeň ,2–2, CSKA Moscow,2018-2019
CSKA Moscow ,1–0, Real Madrid,2018-2019
Roma ,5–0, Viktoria Plzeň,2018-2019
Roma ,3–0, CSKA Moscow,2018-2019
Real Madrid ,2–1, Viktoria Plzeň,2018-2019
CSKA Moscow ,1–2, Roma,2018-2019
Viktoria Plzeň ,0–5, Real Madrid,2018-2019
CSKA Moscow ,1–2, Viktoria Plzeň,2018-2019
Roma ,0–2, Real Madrid,2018-2019
Real Madrid ,0–3, CSKA Moscow,2018-2019
Viktoria Plzeň ,2–1, Roma,2018-2019
Young Boys ,0–3, Manchester United,2018-2019
Valencia ,0–2, Juventus,2018-2019
Juventus ,3–0, Young Boys,2018-2019
Manchester United ,0–0, Valencia,2018-2019
Young Boys ,1–1, Valencia,2018-2019
Manchester United ,0–1, Juventus,2018-2019
Valencia ,3–1, Young Boys,2018-2019
Juventus ,1–2, Manchester United,2018-2019
Manchester United ,1–0, Young Boys,2018-2019
Juventus ,1–0, Valencia,2018-2019
Young Boys ,2–1, Juventus,2018-2019
Valencia ,2–1, Manchester United,2018-2019
Club Brugge ,0–0, Galatasaray,2019-2020
Paris Saint-Germain ,3–0, Real Madrid,2019-2020
Real Madrid ,2–2, Club Brugge,2019-2020
Galatasaray ,0–1, Paris Saint-Germain,2019-2020
Galatasaray ,0–1, Real Madrid,2019-2020
Club Brugge ,0–5, Paris Saint-Germain,2019-2020
Real Madrid ,6–0, Galatasaray,2019-2020
Paris Saint-Germain ,1–0, Club Brugge,2019-2020
Galatasaray ,1–1, Club Brugge,2019-2020
Real Madrid ,2–2, Paris Saint-Germain,2019-2020
Club Brugge ,1–3, Real Madrid,2019-2020
Paris Saint-Germain ,5–0, Galatasaray,2019-2020
Olympiacos ,2–2, Tottenham Hotspur,2019-2020
Bayern Munich ,3–0, Red Star Belgrade,2019-2020
Red Star Belgrade ,3–1, Olympiacos,2019-2020
Tottenham Hotspur ,2–7, Bayern Munich,2019-2020
Tottenham Hotspur ,5–0, Red Star Belgrade,2019-2020
Olympiacos ,2–3, Bayern Munich,2019-2020
Bayern Munich ,2–0, Olympiacos,2019-2020
Red Star Belgrade ,0–4, Tottenham Hotspur,2019-2020
Tottenham Hotspur ,4–2, Olympiacos,2019-2020
Red Star Belgrade ,0–6, Bayern Munich,2019-2020
Olympiacos ,1–0, Red Star Belgrade,2019-2020
Bayern Munich ,3–1, Tottenham Hotspur,2019-2020
Shakhtar Donetsk ,0–3, Manchester City,2019-2020
Dinamo Zagreb ,4–0, Atalanta,2019-2020
Atalanta ,1–2, Shakhtar Donetsk,2019-2020
Manchester City ,2–0, Dinamo Zagreb,2019-2020
Shakhtar Donetsk ,2–2, Dinamo Zagreb,2019-2020
Manchester City ,5–1, Atalanta,2019-2020
Atalanta ,1–1, Manchester City,2019-2020
Dinamo Zagreb ,3–3, Shakhtar Donetsk,2019-2020
Manchester City ,1–1, Shakhtar Donetsk,2019-2020
Atalanta ,2–0, Dinamo Zagreb,2019-2020
Shakhtar Donetsk ,0–3, Atalanta,2019-2020
Dinamo Zagreb ,1–4, Manchester City,2019-2020
Atlético Madrid ,2–2, Juventus,2019-2020
Bayer Leverkusen ,1–2, Lokomotiv Moscow,2019-2020
Lokomotiv Moscow ,0–2, Atlético Madrid,2019-2020
Juventus ,3–0, Bayer Leverkusen,2019-2020
Atlético Madrid ,1–0, Bayer Leverkusen,2019-2020
Juventus ,2–1, Lokomotiv Moscow,2019-2020
Lokomotiv Moscow ,1–2, Juventus,2019-2020
Bayer Leverkusen ,2–1, Atlético Madrid,2019-2020
Lokomotiv Moscow ,0–2, Bayer Leverkusen,2019-2020
Juventus ,1–0, Atlético Madrid,2019-2020
Atlético Madrid ,2–0, Lokomotiv Moscow,2019-2020
Bayer Leverkusen ,0–2, Juventus,2019-2020
Red Bull Salzburg ,6–2, Genk,2019-2020
Napoli ,2–0, Liverpool,2019-2020
Genk ,0–0, Napoli,2019-2020
Liverpool ,4–3, Red Bull Salzburg,2019-2020
Genk ,1–4, Liverpool,2019-2020
Red Bull Salzburg ,2–3, Napoli,2019-2020
Liverpool ,2–1, Genk,2019-2020
Napoli ,1–1, Red Bull Salzburg,2019-2020
Genk ,1–4, Red Bull Salzburg,2019-2020
Liverpool ,1–1, Napoli,2019-2020
Red Bull Salzburg ,0–2, Liverpool,2019-2020
Napoli ,4–0, Genk,2019-2020
Inter Milan ,1–1, Slavia Prague,2019-2020
Borussia Dortmund ,0–0, Barcelona,2019-2020
Slavia Prague ,0–2, Borussia Dortmund,2019-2020
Barcelona ,2–1, Inter Milan,2019-2020
Slavia Prague ,1–2, Barcelona,2019-2020
Inter Milan ,2–0, Borussia Dortmund,2019-2020
Barcelona ,0–0, Slavia Prague,2019-2020
Borussia Dortmund ,3–2, Inter Milan,2019-2020
Slavia Prague ,1–3, Inter Milan,2019-2020
Barcelona ,3–1, Borussia Dortmund,2019-2020
Inter Milan ,1–2, Barcelona,2019-2020
Borussia Dortmund ,2–1, Slavia Prague,2019-2020
Lyon ,1–1, Zenit Saint Petersburg,2019-2020
Benfica ,1–2, RB Leipzig,2019-2020
Zenit Saint Petersburg ,3–1, Benfica,2019-2020
RB Leipzig ,0–2, Lyon,2019-2020
RB Leipzig ,2–1, Zenit Saint Petersburg,2019-2020
Benfica ,2–1, Lyon,2019-2020
Zenit Saint Petersburg ,0–2, RB Leipzig,2019-2020
Lyon ,3–1, Benfica,2019-2020
Zenit Saint Petersburg ,2–0, Lyon,2019-2020
RB Leipzig ,2–2, Benfica,2019-2020
Benfica ,3–0, Zenit Saint Petersburg,2019-2020
Lyon ,2–2, RB Leipzig,2019-2020
Ajax ,3–0, Lille,2019-2020
Chelsea ,0–1, Valencia,2019-2020
Valencia ,0–3, Ajax,2019-2020
Lille ,1–2, Chelsea,2019-2020
Ajax ,0–1, Chelsea,2019-2020
Lille ,1–1, Valencia,2019-2020
Valencia ,4–1, Lille,2019-2020
Chelsea ,4–4, Ajax,2019-2020
Valencia ,2–2, Chelsea,2019-2020
Lille ,0–2, Ajax,2019-2020
Ajax ,0–1, Valencia,2019-2020
Chelsea ,2–1, Lille,2019-2020
Red Bull Salzburg ,2–2, Lokomotiv Moscow,2020-2021
Bayern Munich ,4–0, Atlético Madrid,2020-2021
Lokomotiv Moscow ,1–2, Bayern Munich,2020-2021
Atlético Madrid ,3–2, Red Bull Salzburg,2020-2021
Lokomotiv Moscow ,1–1, Atlético Madrid,2020-2021
Red Bull Salzburg ,2–6, Bayern Munich,2020-2021
Atlético Madrid ,0–0, Lokomotiv Moscow,2020-2021
Bayern Munich ,3–1, Red Bull Salzburg,2020-2021
Lokomotiv Moscow ,1–3, Red Bull Salzburg,2020-2021
Atlético Madrid ,1–1, Bayern Munich,2020-2021
Bayern Munich ,2–0, Lokomotiv Moscow,2020-2021
Red Bull Salzburg ,0–2, Atlético Madrid,2020-2021
Real Madrid ,2–3, Shakhtar Donetsk,2020-2021
Inter Milan ,2–2, Borussia Mönchengladbach,2020-2021
Shakhtar Donetsk ,0–0, Inter Milan,2020-2021
Borussia Mönchengladbach ,2–2, Real Madrid,2020-2021
Shakhtar Donetsk ,0–6, Borussia Mönchengladbach,2020-2021
Real Madrid ,3–2, Inter Milan,2020-2021
Borussia Mönchengladbach ,4–0, Shakhtar Donetsk,2020-2021
Inter Milan ,0–2, Real Madrid,2020-2021
Shakhtar Donetsk ,2–0, Real Madrid,2020-2021
Borussia Mönchengladbach ,2–3, Inter Milan,2020-2021
Real Madrid ,2–0, Borussia Mönchengladbach,2020-2021
Inter Milan ,0–0, Shakhtar Donetsk,2020-2021
Manchester City ,3–1, Porto,2020-2021
Olympiacos ,1–0, Marseille,2020-2021
Porto ,2–0, Olympiacos,2020-2021
Marseille ,0–3, Manchester City,2020-2021
Manchester City ,3–0, Olympiacos,2020-2021
Porto ,3–0, Marseille,2020-2021
Olympiacos ,0–1, Manchester City,2020-2021
Marseille ,0–2, Porto,2020-2021
Marseille ,2–1, Olympiacos,2020-2021
Porto ,0–0, Manchester City,2020-2021
Manchester City ,3–0, Marseille,2020-2021
Olympiacos ,0–2, Porto,2020-2021
Ajax ,0–1, Liverpool,2020-2021
Midtjylland ,0–4, Atalanta,2020-2021
Liverpool ,2–0, Midtjylland,2020-2021
Atalanta ,2–2, Ajax,2020-2021
Midtjylland ,1–2, Ajax,2020-2021
Atalanta ,0–5, Liverpool,2020-2021
Liverpool ,0–2, Atalanta,2020-2021
Ajax ,3–1, Midtjylland,2020-2021
Liverpool ,1–0, Ajax,2020-2021
Atalanta ,1–1, Midtjylland,2020-2021
Ajax ,0–1, Atalanta,2020-2021
Midtjylland ,1–1, Liverpool,2020-2021
Chelsea ,0–0, Sevilla,2020-2021
Rennes ,1–1, Krasnodar,2020-2021
Krasnodar ,0–4, Chelsea,2020-2021
Sevilla ,1–0, Rennes,2020-2021
Sevilla ,3–2, Krasnodar,2020-2021
Chelsea ,3–0, Rennes,2020-2021
Krasnodar ,1–2, Sevilla,2020-2021
Rennes ,1–2, Chelsea,2020-2021
Krasnodar ,1–0, Rennes,2020-2021
Sevilla ,0–4, Chelsea,2020-2021
Chelsea ,1–1, Krasnodar,2020-2021
Rennes ,1–3, Sevilla,2020-2021
Zenit Saint Petersburg ,1–2, Club Brugge,2020-2021
Lazio ,3–1, Borussia Dortmund,2020-2021
Borussia Dortmund ,2–0, Zenit Saint Petersburg,2020-2021
Club Brugge ,1–1, Lazio,2020-2021
Zenit Saint Petersburg ,1–1, Lazio,2020-2021
Club Brugge ,0–3, Borussia Dortmund,2020-2021
Lazio ,3–1, Zenit Saint Petersburg,2020-2021
Borussia Dortmund ,3–0, Club Brugge,2020-2021
Borussia Dortmund ,1–1, Lazio,2020-2021
Club Brugge ,3–0, Zenit Saint Petersburg,2020-2021
Zenit Saint Petersburg ,1–2, Borussia Dortmund,2020-2021
Lazio ,2–2, Club Brugge,2020-2021
Dynamo Kyiv ,0–2, Juventus,2020-2021
Barcelona ,5–1, Ferencváros,2020-2021
Juventus ,0–2, Barcelona,2020-2021
Ferencváros ,2–2, Dynamo Kyiv,2020-2021
Barcelona ,2–1, Dynamo Kyiv,2020-2021
Ferencváros ,1–4, Juventus,2020-2021
Dynamo Kyiv ,0–4, Barcelona,2020-2021
Juventus ,2–1, Ferencváros,2020-2021
Juventus ,3–0, Dynamo Kyiv,2020-2021
Ferencváros ,0–3, Barcelona,2020-2021
Barcelona ,0–3, Juventus,2020-2021
Dynamo Kyiv ,1–0, Ferencváros,2020-2021
Paris Saint-Germain ,1–2, Manchester United,2020-2021
RB Leipzig ,2–0, İstanbul Başakşehir,2020-2021
İstanbul Başakşehir ,0–2, Paris Saint-Germain,2020-2021
Manchester United ,5–0, RB Leipzig,2020-2021
İstanbul Başakşehir ,2–1, Manchester United,2020-2021
RB Leipzig ,2–1, Paris Saint-Germain,2020-2021
Manchester United ,4–1, İstanbul Başakşehir,2020-2021
Paris Saint-Germain ,1–0, RB Leipzig,2020-2021
İstanbul Başakşehir ,3–4, RB Leipzig,2020-2021
Manchester United ,1–3, Paris Saint-Germain,2020-2021
Paris Saint-Germain ,5–1, İstanbul Başakşehir,2020-2021
RB Leipzig ,3–2, Manchester United,2020-2021
Manchester City ,6–3, RB Leipzig,2021-2022
Club Brugge ,1–1, Paris Saint-Germain,2021-2022
RB Leipzig ,1–2, Club Brugge,2021-2022
Paris Saint-Germain ,2–0, Manchester City,2021-2022
Club Brugge ,1–5, Manchester City,2021-2022
Paris Saint-Germain ,3–2, RB Leipzig,2021-2022
RB Leipzig ,2–2, Paris Saint-Germain,2021-2022
Manchester City ,4–1, Club Brugge,2021-2022
Manchester City ,2–1, Paris Saint-Germain,2021-2022
Club Brugge ,0–5, RB Leipzig,2021-2022
RB Leipzig ,2–1, Manchester City,2021-2022
Paris Saint-Germain ,4–1, Club Brugge,2021-2022
Liverpool ,3–2, Milan,2021-2022
Atlético Madrid ,0–0, Porto,2021-2022
Milan ,1–2, Atlético Madrid,2021-2022
Porto ,1–5, Liverpool,2021-2022
Atlético Madrid ,2–3, Liverpool,2021-2022
Porto ,1–0, Milan,2021-2022
Milan ,1–1, Porto,2021-2022
Liverpool ,2–0, Atlético Madrid,2021-2022
Liverpool ,2–0, Porto,2021-2022
Atlético Madrid ,0–1, Milan,2021-2022
Porto ,1–3, Atlético Madrid,2021-2022
Milan ,1–2, Liverpool,2021-2022
Beşiktaş ,1–2, Borussia Dortmund,2021-2022
Sporting CP ,1–5, Ajax,2021-2022
Ajax ,2–0, Beşiktaş,2021-2022
Borussia Dortmund ,1–0, Sporting CP,2021-2022
Beşiktaş ,1–4, Sporting CP,2021-2022
Ajax ,4–0, Borussia Dortmund,2021-2022
Borussia Dortmund ,1–3, Ajax,2021-2022
Sporting CP ,4–0, Beşiktaş,2021-2022
Beşiktaş ,1–2, Ajax,2021-2022
Sporting CP ,3–1, Borussia Dortmund,2021-2022
Ajax ,4–2, Sporting CP,2021-2022
Borussia Dortmund ,5–0, Beşiktaş,2021-2022
Sheriff Tiraspol ,2–0, Shakhtar Donetsk,2021-2022
Inter Milan ,0–1, Real Madrid,2021-2022
Shakhtar Donetsk ,0–0, Inter Milan,2021-2022
Real Madrid ,1–2, Sheriff Tiraspol,2021-2022
Shakhtar Donetsk ,0–5, Real Madrid,2021-2022
Inter Milan ,3–1, Sheriff Tiraspol,2021-2022
Real Madrid ,2–1, Shakhtar Donetsk,2021-2022
Sheriff Tiraspol ,1–3, Inter Milan,2021-2022
Inter Milan ,2–0, Shakhtar Donetsk,2021-2022
Sheriff Tiraspol ,0–3, Real Madrid,2021-2022
Shakhtar Donetsk ,1–1, Sheriff Tiraspol,2021-2022
Real Madrid ,2–0, Inter Milan,2021-2022
Barcelona ,0–3, Bayern Munich,2021-2022
Dynamo Kyiv ,0–0, Benfica,2021-2022
Benfica ,3–0, Barcelona,2021-2022
Bayern Munich ,5–0, Dynamo Kyiv,2021-2022
Barcelona ,1–0, Dynamo Kyiv,2021-2022
Benfica ,0–4, Bayern Munich,2021-2022
Bayern Munich ,5–2, Benfica,2021-2022
Dynamo Kyiv ,0–1, Barcelona,2021-2022
Dynamo Kyiv ,1–2, Bayern Munich,2021-2022
Barcelona ,0–0, Benfica,2021-2022
Bayern Munich ,3–0, Barcelona,2021-2022
Benfica ,2–0, Dynamo Kyiv,2021-2022
Young Boys ,2–1, Manchester United,2021-2022
Villarreal ,2–2, Atalanta,2021-2022
Atalanta ,1–0, Young Boys,2021-2022
Manchester United ,2–1, Villarreal,2021-2022
Manchester United ,3–2, Atalanta,2021-2022
Young Boys ,1–4, Villarreal,2021-2022
Atalanta ,2–2, Manchester United,2021-2022
Villarreal ,2–0, Young Boys,2021-2022
Villarreal ,0–2, Manchester United,2021-2022
Young Boys ,3–3, Atalanta,2021-2022
Manchester United ,1–1, Young Boys,2021-2022
Atalanta ,2–3, Villarreal,2021-2022
Sevilla ,1–1, Red Bull Salzburg,2021-2022
Lille ,0–0, VfL Wolfsburg,2021-2022
Red Bull Salzburg ,2–1, Lille,2021-2022
VfL Wolfsburg ,1–1, Sevilla,2021-2022
Red Bull Salzburg ,3–1, VfL Wolfsburg,2021-2022
Lille ,0–0, Sevilla,2021-2022
VfL Wolfsburg ,2–1, Red Bull Salzburg,2021-2022
Sevilla ,1–2, Lille,2021-2022
Sevilla ,2–0, VfL Wolfsburg,2021-2022
Lille ,1–0, Red Bull Salzburg,2021-2022
VfL Wolfsburg ,1–3, Lille,2021-2022
Red Bull Salzburg ,1–0, Sevilla,2021-2022
Chelsea ,1–0, Zenit Saint Petersburg,2021-2022
Malmö FF ,0–3, Juventus,2021-2022
Zenit Saint Petersburg ,4–0, Malmö FF,2021-2022
Juventus ,1–0, Chelsea,2021-2022
Zenit Saint Petersburg ,0–1, Juventus,2021-2022
Chelsea ,4–0, Malmö FF,2021-2022
Malmö FF ,0–1, Chelsea,2021-2022
Juventus ,4–2, Zenit Saint Petersburg,2021-2022
Chelsea ,4–0, Juventus,2021-2022
Malmö FF ,1–1, Zenit Saint Petersburg,2021-2022
Zenit Saint Petersburg ,3–3, Chelsea,2021-2022
Juventus ,1–0, Malmö FF,2021-2022
"Ajax
",4–0, Rangers,2022-2023
Napoli ,4–1, Liverpool,2022-2023
Liverpool ,2–1, Ajax,2022-2023
Rangers ,0–3, Napoli,2022-2023
Liverpool ,2–0, Rangers,2022-2023
Ajax ,1–6, Napoli,2022-2023
Napoli ,4–2, Ajax,2022-2023
Rangers ,1–7, Liverpool,2022-2023
Napoli ,3–0, Rangers,2022-2023
Ajax ,0–3, Liverpool,2022-2023
Liverpool ,2–0, Napoli,2022-2023
Rangers ,1–3, Ajax,2022-2023
Atlético Madrid ,2–1, Porto,2022-2023
Club Brugge ,1–0, Bayer Leverkusen,2022-2023
Porto ,0–4, Club Brugge,2022-2023
Bayer Leverkusen ,2–0, Atlético Madrid,2022-2023
Porto ,2–0, Bayer Leverkusen,2022-2023
Club Brugge ,2–0, Atlético Madrid,2022-2023
Atlético Madrid ,0–0, Club Brugge,2022-2023
Bayer Leverkusen ,0–3, Porto,2022-2023
Club Brugge ,0–4, Porto,2022-2023
Atlético Madrid ,2–2, Bayer Leverkusen,2022-2023
Porto ,2–1, Atlético Madrid,2022-2023
Bayer Leverkusen ,0–0, Club Brugge,2022-2023
Barcelona ,5–1, Viktoria Plzeň,2022-2023
Inter Milan ,0–2, Bayern Munich,2022-2023
Viktoria Plzeň ,0–2, Inter Milan,2022-2023
Bayern Munich ,2–0, Barcelona,2022-2023
Bayern Munich ,5–0, Viktoria Plzeň,2022-2023
Inter Milan ,1–0, Barcelona,2022-2023
Barcelona ,3–3, Inter Milan,2022-2023
Viktoria Plzeň ,2–4, Bayern Munich,2022-2023
Inter Milan ,4–0, Viktoria Plzeň,2022-2023
Barcelona ,0–3, Bayern Munich,2022-2023
Bayern Munich ,2–0, Inter Milan,2022-2023
Viktoria Plzeň ,2–4, Barcelona,2022-2023
Eintracht Frankfurt ,0–3, Sporting CP,2022-2023
Tottenham Hotspur ,2–0, Marseille,2022-2023
Sporting CP ,2–0, Tottenham Hotspur,2022-2023
Marseille ,0–1, Eintracht Frankfurt,2022-2023
Marseille ,4–1, Sporting CP,2022-2023
Eintracht Frankfurt ,0–0, Tottenham Hotspur,2022-2023
Tottenham Hotspur ,3–2, Eintracht Frankfurt,2022-2023
Sporting CP ,0–2, Marseille,2022-2023
Tottenham Hotspur ,1–1, Sporting CP,2022-2023
Eintracht Frankfurt ,2–1, Marseille,2022-2023
Sporting CP ,1–2, Eintracht Frankfurt,2022-2023
Marseille ,1–2, Tottenham Hotspur,2022-2023
Dinamo Zagreb ,1–0, Chelsea,2022-2023
Red Bull Salzburg ,1–1, Milan,2022-2023
Milan ,3–1, Dinamo Zagreb,2022-2023
Chelsea ,1–1, Red Bull Salzburg,2022-2023
Red Bull Salzburg ,1–0, Dinamo Zagreb,2022-2023
Chelsea ,3–0, Milan,2022-2023
Dinamo Zagreb ,1–1, Red Bull Salzburg,2022-2023
Milan ,0–2, Chelsea,2022-2023
Red Bull Salzburg ,1–2, Chelsea,2022-2023
Dinamo Zagreb ,0–4, Milan,2022-2023
Chelsea ,2–1, Dinamo Zagreb,2022-2023
Milan ,4–0, Red Bull Salzburg,2022-2023
Celtic ,0–3, Real Madrid,2022-2023
RB Leipzig ,1–4, Shakhtar Donetsk,2022-2023
Shakhtar Donetsk ,1–1, Celtic,2022-2023
Real Madrid ,2–0, RB Leipzig,2022-2023
RB Leipzig ,3–1, Celtic,2022-2023
Real Madrid ,2–1, Shakhtar Donetsk,2022-2023
Shakhtar Donetsk ,1–1, Real Madrid,2022-2023
Celtic ,0–2, RB Leipzig,2022-2023
Celtic ,1–1, Shakhtar Donetsk,2022-2023
RB Leipzig ,3–2, Real Madrid,2022-2023
Real Madrid ,5–1, Celtic,2022-2023
Shakhtar Donetsk ,0–4, RB Leipzig,2022-2023
Borussia Dortmund ,3–0, Copenhagen,2022-2023
Sevilla ,0–4, Manchester City,2022-2023
Manchester City ,2–1, Borussia Dortmund,2022-2023
Copenhagen ,0–0, Sevilla,2022-2023
Manchester City ,5–0, Copenhagen,2022-2023
Sevilla ,1–4, Borussia Dortmund,2022-2023
Copenhagen ,0–0, Manchester City,2022-2023
Borussia Dortmund ,1–1, Sevilla,2022-2023
Sevilla ,3–0, Copenhagen,2022-2023
Borussia Dortmund ,0–0, Manchester City,2022-2023
Manchester City ,3–1, Sevilla,2022-2023
Copenhagen ,1–1, Borussia Dortmund,2022-2023
Paris Saint-Germain ,2–1, Juventus,2022-2023
Benfica ,2–0, Maccabi Haifa,2022-2023
Juventus ,1–2, Benfica,2022-2023
Maccabi Haifa ,1–3, Paris Saint-Germain,2022-2023
Juventus ,3–1, Maccabi Haifa,2022-2023
Benfica ,1–1, Paris Saint-Germain,2022-2023
Maccabi Haifa ,2–0, Juventus,2022-2023
Paris Saint-Germain ,1–1, Benfica,2022-2023
Paris Saint-Germain ,7–2, Maccabi Haifa,2022-2023
Benfica ,4–3, Juventus,2022-2023
Juventus ,1–2, Paris Saint-Germain,2022-2023
Maccabi Haifa ,1–6, Benfica,2022-2023
Galatasaray ,2–2, Copenhagen,2023-2024
Bayern Munich ,4–3, Manchester United,2023-2024
Manchester United ,2–3, Galatasaray,2023-2024
Copenhagen ,1–2, Bayern Munich,2023-2024
Galatasaray ,1–3, Bayern Munich,2023-2024
Manchester United ,1–0, Copenhagen,2023-2024
Bayern Munich ,2–1, Galatasaray,2023-2024
Copenhagen ,4–3, Manchester United,2023-2024
Galatasaray ,3–3, Manchester United,2023-2024
Bayern Munich ,0–0, Copenhagen,2023-2024
Manchester United ,0–1, Bayern Munich,2023-2024
Copenhagen ,1–0, Galatasaray,2023-2024
Sevilla ,1–1, Lens,2023-2024
Arsenal ,4–0, PSV Eindhoven,2023-2024
Lens ,2–1, Arsenal,2023-2024
PSV Eindhoven ,2–2, Sevilla,2023-2024
Sevilla ,1–2, Arsenal,2023-2024
Lens ,1–1, PSV Eindhoven,2023-2024
Arsenal ,2–0, Sevilla,2023-2024
PSV Eindhoven ,1–0, Lens,2023-2024
Sevilla ,2–3, PSV Eindhoven,2023-2024
Arsenal ,6–0, Lens,2023-2024
Lens ,2–1, Sevilla,2023-2024
PSV Eindhoven ,1–1, Arsenal,2023-2024
Real Madrid ,1–0, Union Berlin,2023-2024
Braga ,1–2, Napoli,2023-2024
Union Berlin ,2–3, Braga,2023-2024
Napoli ,2–3, Real Madrid,2023-2024
Braga ,1–2, Real Madrid,2023-2024
Union Berlin ,0–1, Napoli,2023-2024
Napoli ,1–1, Union Berlin,2023-2024
Real Madrid ,3–0, Braga,2023-2024
Real Madrid ,4–2, Napoli,2023-2024
Braga ,1–1, Union Berlin,2023-2024
Napoli ,2–0, Braga,2023-2024
Union Berlin ,2–3, Real Madrid,2023-2024
Real Sociedad ,1–1, Inter Milan,2023-2024
Benfica ,0–2, Red Bull Salzburg,2023-2024
Red Bull Salzburg ,0–2, Real Sociedad,2023-2024
Inter Milan ,1–0, Benfica,2023-2024
Inter Milan ,2–1, Red Bull Salzburg,2023-2024
Benfica ,0–1, Real Sociedad,2023-2024
Real Sociedad ,3–1, Benfica,2023-2024
Red Bull Salzburg ,0–1, Inter Milan,2023-2024
Benfica ,3–3, Inter Milan,2023-2024
Real Sociedad ,0–0, Red Bull Salzburg,2023-2024
Inter Milan ,0–0, Real Sociedad,2023-2024
Red Bull Salzburg ,1–3, Benfica,2023-2024
Feyenoord ,2–0, Celtic,2023-2024
Lazio ,1–1, Atlético Madrid,2023-2024
Atlético Madrid ,3–2, Feyenoord,2023-2024
Celtic ,1–2, Lazio,2023-2024
Feyenoord ,3–1, Lazio,2023-2024
Celtic ,2–2, Atlético Madrid,2023-2024
Atlético Madrid ,6–0, Celtic,2023-2024
Lazio ,1–0, Feyenoord,2023-2024
Lazio ,2–0, Celtic,2023-2024
Feyenoord ,1–3, Atlético Madrid,2023-2024
Atlético Madrid ,2–0, Lazio,2023-2024
Celtic ,2–1, Feyenoord,2023-2024
Milan ,0–0, Newcastle United,2023-2024
Paris Saint-Germain ,2–0, Borussia Dortmund,2023-2024
Borussia Dortmund ,0–0, Milan,2023-2024
Newcastle United ,4–1, Paris Saint-Germain,2023-2024
Paris Saint-Germain ,3–0, Milan,2023-2024
Newcastle United ,0–1, Borussia Dortmund,2023-2024
Borussia Dortmund ,2–0, Newcastle United,2023-2024
Milan ,2–1, Paris Saint-Germain,2023-2024
Paris Saint-Germain ,1–1, Newcastle United,2023-2024
Milan ,1–3, Borussia Dortmund,2023-2024
Borussia Dortmund ,1–1, Paris Saint-Germain,2023-2024
Newcastle United ,1–2, Milan,2023-2024
Young Boys ,1–3, RB Leipzig,2023-2024
Manchester City ,3–1, Red Star Belgrade,2023-2024
RB Leipzig ,1–3, Manchester City,2023-2024
Red Star Belgrade ,2–2, Young Boys,2023-2024
RB Leipzig ,3–1, Red Star Belgrade,2023-2024
Young Boys ,1–3, Manchester City,2023-2024
Manchester City ,3–0, Young Boys,2023-2024
Red Star Belgrade ,1–2, RB Leipzig,2023-2024
Manchester City ,3–2, RB Leipzig,2023-2024
Young Boys ,2–0, Red Star Belgrade,2023-2024
RB Leipzig ,2–1, Young Boys,2023-2024
Red Star Belgrade ,2–3, Manchester City,2023-2024
Barcelona ,5–0, Antwerp,2023-2024
Shakhtar Donetsk ,1–3, Porto,2023-2024
Antwerp ,2–3, Shakhtar Donetsk,2023-2024
Porto ,0–1, Barcelona,2023-2024
Barcelona ,2–1, Shakhtar Donetsk,2023-2024
Antwerp ,1–4, Porto,2023-2024
Shakhtar Donetsk ,1–0, Barcelona,2023-2024
Porto ,2–0, Antwerp,2023-2024
Shakhtar Donetsk ,1–0, Antwerp,2023-2024
Barcelona ,2–1, Porto,2023-2024
Porto ,5–3, Shakhtar Donetsk,2023-2024
Antwerp ,3–2, Barcelona,2023-2024
